email,subject,messagemariangheorghit@gmail.com,saasasassa,asasassaasas
mariangheorghit@gmail.com,saasasassa,asasassaasas
mariangheorghit@gmail.com,saasasassa,asasassaasas
mariangheorghit@gmail.com,saasasassa,asasassaasas
mariangheorghit@gmail.com,saasasassa,asasassaasas
mariangheorghit@gmail.com,saasasassa,asasassaasas
mariangheorghit@gmail.com,saasasassa,asasassaasas
mariangheorghit@gmail.com,saasasassa,asasassaasas
mariangheorghit@gmail.com,saasasassa,asasassaasas
sas@21212,asasasa,asasasas
